{
  "name": "Lead Scoring & Qualification",
  "nodes": [
    {
      "parameters": {
        "rule": {
          "interval": [
            {
              "field": "hours",
              "hoursInterval": 1
            }
          ]
        }
      },
      "name": "Schedule Every Hour",
      "type": "n8n-nodes-base.scheduleTrigger",
      "typeVersion": 1,
      "position": [250, 300],
      "id": "schedule-1"
    },
    {
      "parameters": {
        "authentication": "oAuth2",
        "operation": "read",
        "sheetId": "YOUR_SHEET_ID",
        "range": "Leads!A:M",
        "options": {
          "headerRow": true
        }
      },
      "name": "Hämta leads från Google Sheets",
      "type": "n8n-nodes-base.googleSheets",
      "typeVersion": 3,
      "position": [450, 300],
      "credentials": {
        "googleSheetsOAuth2Api": {
          "id": "1",
          "name": "Google Sheets"
        }
      },
      "id": "google-sheets-1"
    },
    {
      "parameters": {
        "conditions": {
          "options": {
            "combineOperation": "all"
          },
          "conditions": [
            {
              "leftValue": "={{ $json.scored }}",
              "rightValue": "",
              "operator": {
                "type": "string",
                "operation": "empty"
              }
            },
            {
              "leftValue": "={{ $json.email }}",
              "rightValue": "",
              "operator": {
                "type": "string",
                "operation": "notEmpty"
              }
            }
          ]
        }
      },
      "name": "Filter endast nya leads med email",
      "type": "n8n-nodes-base.filter",
      "typeVersion": 1,
      "position": [650, 300],
      "id": "filter-1"
    },
    {
      "parameters": {
        "jsCode": "// Lead Scoring Algorithm\nconst leads = [];\n\nfor (const item of $input.all()) {\n  const lead = item.json;\n  let score = 0;\n  const reasons = [];\n  \n  // Parse numerical values\n  const revenue = parseFloat(lead.revenue) || 0;\n  const employees = parseInt(lead.employees) || 0;\n  \n  // 1. Omsättning (max 40 poäng)\n  if (revenue > 50000000) {\n    score += 40;\n    reasons.push('Mycket hög omsättning (>50M)');\n  } else if (revenue > 20000000) {\n    score += 30;\n    reasons.push('Hög omsättning (>20M)');\n  } else if (revenue > 10000000) {\n    score += 20;\n    reasons.push('Medelhög omsättning (>10M)');\n  } else if (revenue > 5000000) {\n    score += 10;\n    reasons.push('Omsättning >5M');\n  }\n  \n  // 2. Antal anställda (max 25 poäng)\n  if (employees > 50) {\n    score += 25;\n    reasons.push('Stort företag (>50 anställda)');\n  } else if (employees > 20) {\n    score += 20;\n    reasons.push('Medelstort företag (>20 anställda)');\n  } else if (employees >= 10) {\n    score += 15;\n    reasons.push('Litet företag (10-20 anställda)');\n  }\n  \n  // 3. Bransch - högt värde för transport (max 20 poäng)\n  const highValueIndustries = [\n    'e-handel',\n    'e-commerce',\n    'webshop',\n    'grossist',\n    'tillverkning',\n    'byggföretag',\n    'byggindustri',\n    'distribution',\n    'detaljhandel'\n  ];\n  \n  const industry = (lead.industry || '').toLowerCase();\n  const matchedIndustry = highValueIndustries.some(ind => industry.includes(ind));\n  \n  if (matchedIndustry) {\n    score += 20;\n    reasons.push('Hög-värde bransch för transport');\n  }\n  \n  // 4. Hemsida (max 5 poäng)\n  if (lead.website && lead.website.trim()) {\n    score += 5;\n    reasons.push('Aktiv hemsida');\n  }\n  \n  // 5. Email hittad (max 5 poäng)\n  if (lead.email && lead.email.includes('@')) {\n    score += 5;\n    reasons.push('Email hittad');\n  }\n  \n  // 6. Email validerad (max 5 poäng)\n  if (lead.email_valid === 'true' || lead.email_valid === true) {\n    score += 5;\n    reasons.push('Email validerad');\n  }\n  \n  // Kategorisera lead\n  let category = 'Cold';\n  let priority = 'Low';\n  let action = 'Lägg i nurture-kampanj';\n  \n  if (score >= 70) {\n    category = 'Hot';\n    priority = 'High';\n    action = 'Kontakta inom 24h!';\n  } else if (score >= 50) {\n    category = 'Warm';\n    priority = 'Medium';\n    action = 'Lägg i försäljnings-pipeline';\n  }\n  \n  // Skapa output\n  leads.push({\n    json: {\n      ...lead,\n      score: score,\n      category: category,\n      priority: priority,\n      action: action,\n      scoring_reasons: reasons.join(', '),\n      scored_at: new Date().toISOString(),\n      scored: 'yes'\n    }\n  });\n}\n\nreturn leads;"
      },
      "name": "Beräkna Lead Score",
      "type": "n8n-nodes-base.code",
      "typeVersion": 2,
      "position": [850, 300],
      "id": "code-1"
    },
    {
      "parameters": {
        "authentication": "oAuth2",
        "operation": "update",
        "sheetId": "YOUR_SHEET_ID",
        "range": "Leads!A:Q",
        "options": {
          "valueInputMode": "USER_ENTERED"
        }
      },
      "name": "Uppdatera Google Sheets med score",
      "type": "n8n-nodes-base.googleSheets",
      "typeVersion": 3,
      "position": [1050, 300],
      "credentials": {
        "googleSheetsOAuth2Api": {
          "id": "1",
          "name": "Google Sheets"
        }
      },
      "id": "google-sheets-2"
    },
    {
      "parameters": {
        "conditions": {
          "options": {
            "combineOperation": "any"
          },
          "conditions": [
            {
              "leftValue": "={{ $json.category }}",
              "rightValue": "Hot",
              "operator": {
                "type": "string",
                "operation": "equals"
              }
            },
            {
              "leftValue": "={{ $json.category }}",
              "rightValue": "Warm",
              "operator": {
                "type": "string",
                "operation": "equals"
              }
            }
          ]
        }
      },
      "name": "Filter Hot & Warm leads",
      "type": "n8n-nodes-base.filter",
      "typeVersion": 1,
      "position": [1250, 300],
      "id": "filter-2"
    },
    {
      "parameters": {
        "jsCode": "// Formatera meddelande för Telegram\nconst items = $input.all();\n\nif (items.length === 0) {\n  return [];\n}\n\nlet message = `📊 *Lead Scoring Rapport*\\n`;\nmessage += `Tidpunkt: ${new Date().toLocaleString('sv-SE')}\\n\\n`;\n\nconst hotLeads = items.filter(i => i.json.category === 'Hot');\nconst warmLeads = items.filter(i => i.json.category === 'Warm');\n\nmessage += `🔥 *Hot leads: ${hotLeads.length}*\\n`;\nmessage += `🌡️ *Warm leads: ${warmLeads.length}*\\n\\n`;\n\nif (hotLeads.length > 0) {\n  message += `*Top Hot Leads:*\\n`;\n  hotLeads.slice(0, 5).forEach((item, index) => {\n    const lead = item.json;\n    message += `\\n${index + 1}. *${lead.company_name}*\\n`;\n    message += `   Score: ${lead.score}/100\\n`;\n    message += `   Bransch: ${lead.industry}\\n`;\n    message += `   Anställda: ${lead.employees}\\n`;\n    message += `   Kontakt: ${lead.email}\\n`;\n    message += `   Action: ${lead.action}\\n`;\n  });\n}\n\nreturn [{\n  json: {\n    message: message\n  }\n}];"
      },
      "name": "Formatera notifikation",
      "type": "n8n-nodes-base.code",
      "typeVersion": 2,
      "position": [1450, 300],
      "id": "code-2"
    },
    {
      "parameters": {
        "chatId": "YOUR_TELEGRAM_CHAT_ID",
        "text": "={{ $json.message }}",
        "additionalFields": {
          "parse_mode": "Markdown"
        }
      },
      "name": "Skicka till Telegram",
      "type": "n8n-nodes-base.telegram",
      "typeVersion": 1,
      "position": [1650, 300],
      "credentials": {
        "telegramApi": {
          "id": "1",
          "name": "Telegram Bot"
        }
      },
      "id": "telegram-1"
    }
  ],
  "connections": {
    "Schedule Every Hour": {
      "main": [
        [
          {
            "node": "Hämta leads från Google Sheets",
            "type": "main",
            "index": 0
          }
        ]
      ]
    },
    "Hämta leads från Google Sheets": {
      "main": [
        [
          {
            "node": "Filter endast nya leads med email",
            "type": "main",
            "index": 0
          }
        ]
      ]
    },
    "Filter endast nya leads med email": {
      "main": [
        [
          {
            "node": "Beräkna Lead Score",
            "type": "main",
            "index": 0
          }
        ]
      ]
    },
    "Beräkna Lead Score": {
      "main": [
        [
          {
            "node": "Uppdatera Google Sheets med score",
            "type": "main",
            "index": 0
          }
        ]
      ]
    },
    "Uppdatera Google Sheets med score": {
      "main": [
        [
          {
            "node": "Filter Hot & Warm leads",
            "type": "main",
            "index": 0
          }
        ]
      ]
    },
    "Filter Hot & Warm leads": {
      "main": [
        [
          {
            "node": "Formatera notifikation",
            "type": "main",
            "index": 0
          }
        ]
      ]
    },
    "Formatera notifikation": {
      "main": [
        [
          {
            "node": "Skicka till Telegram",
            "type": "main",
            "index": 0
          }
        ]
      ]
    }
  },
  "settings": {
    "executionOrder": "v1"
  },
  "staticData": null,
  "tags": [],
  "triggerCount": 1,
  "updatedAt": "2025-10-27T00:00:00.000Z",
  "versionId": "1"
}
