{
  "name": "Lead Scoring - Transport (Anpassad)",
  "nodes": [
    {
      "parameters": {
        "rule": {
          "interval": [
            {
              "field": "hours",
              "hoursInterval": 1
            }
          ]
        }
      },
      "name": "Schedule Every Hour",
      "type": "n8n-nodes-base.scheduleTrigger",
      "typeVersion": 1,
      "position": [250, 300],
      "id": "schedule-1"
    },
    {
      "parameters": {
        "authentication": "oAuth2",
        "operation": "read",
        "sheetId": "YOUR_SHEET_ID",
        "range": "Leads!A:N",
        "options": {
          "headerRow": true
        }
      },
      "name": "Hämta leads från Google Sheets",
      "type": "n8n-nodes-base.googleSheets",
      "typeVersion": 3,
      "position": [450, 300],
      "credentials": {
        "googleSheetsOAuth2Api": {
          "id": "1",
          "name": "Google Sheets"
        }
      },
      "id": "google-sheets-1"
    },
    {
      "parameters": {
        "conditions": {
          "options": {
            "combineOperation": "all"
          },
          "conditions": [
            {
              "leftValue": "={{ $json.scored }}",
              "rightValue": "",
              "operator": {
                "type": "string",
                "operation": "empty"
              }
            },
            {
              "leftValue": "={{ $json.email }}",
              "rightValue": "",
              "operator": {
                "type": "string",
                "operation": "notEmpty"
              }
            }
          ]
        }
      },
      "name": "Filter endast nya leads med email",
      "type": "n8n-nodes-base.filter",
      "typeVersion": 1,
      "position": [650, 300],
      "id": "filter-1"
    },
    {
      "parameters": {
        "jsCode": "// Lead Scoring Algorithm - Anpassad för Transportbolag\n// Fokus: E-handel, Livsmedel, Tillverkning, Byggföretag\n// Geografi: SVHL + Riks\n// Storlek: 5-100 anställda (sweet spot: 10-50)\n\nconst leads = [];\n\nfor (const item of $input.all()) {\n  const lead = item.json;\n  let score = 0;\n  const reasons = [];\n  \n  // Parse numerical values\n  const revenue = parseFloat(lead.revenue) || 0;\n  const employees = parseInt(lead.employees) || 0;\n  const location = (lead.location || lead.city || '').toLowerCase();\n  const industry = (lead.industry || '').toLowerCase();\n  const website_content = (lead.website_content || '').toLowerCase();\n  \n  // 1. OMSÄTTNING (max 30 poäng)\n  // Medelstora företag har mest potential\n  if (revenue >= 10000000 && revenue <= 50000000) {\n    score += 30;\n    reasons.push('Optimal omsättning (10-50M kr)');\n  } else if (revenue > 50000000) {\n    score += 25;\n    reasons.push('Hög omsättning (>50M kr)');\n  } else if (revenue >= 5000000) {\n    score += 20;\n    reasons.push('God omsättning (5-10M kr)');\n  } else if (revenue >= 2000000) {\n    score += 10;\n    reasons.push('Lägre omsättning (2-5M kr)');\n  }\n  \n  // 2. ANTAL ANSTÄLLDA (max 20 poäng)\n  // Sweet spot: 10-50 anställda\n  if (employees >= 10 && employees <= 50) {\n    score += 20;\n    reasons.push('Optimal storlek (10-50 anställda)');\n  } else if (employees >= 5 && employees < 10) {\n    score += 15;\n    reasons.push('Litet företag (5-10 anställda)');\n  } else if (employees > 50 && employees <= 100) {\n    score += 15;\n    reasons.push('Större företag (50-100 anställda)');\n  } else if (employees > 100) {\n    score += 5;\n    reasons.push('Stort företag (>100 anställda, kanske redan har lösning)');\n  }\n  \n  // 3. BRANSCH - HÖGPRIORITERADE (max 25 poäng)\n  let industryScore = 0;\n  \n  // E-handel (högsta prioritet)\n  if (industry.includes('e-handel') || industry.includes('ehandel') || \n      industry.includes('e-commerce') || industry.includes('webshop') ||\n      industry.includes('näthandel') || industry.includes('nätbutik')) {\n    industryScore = 25;\n    reasons.push('🔥 E-handel (dagliga leveranser!)');\n  }\n  // Livsmedel (hög prioritet)\n  else if (industry.includes('livsmedel') || industry.includes('mat') ||\n           industry.includes('restaurang') || industry.includes('catering') ||\n           industry.includes('bageri') || industry.includes('fräsch')) {\n    industryScore = 25;\n    reasons.push('🔥 Livsmedel (fräschvara, regelbundet!)');\n  }\n  // Tillverkning (god prioritet)\n  else if (industry.includes('tillverkning') || industry.includes('fabrik') ||\n           industry.includes('industri') || industry.includes('producent')) {\n    industryScore = 20;\n    reasons.push('✅ Tillverkning (materialtransport)');\n  }\n  // Byggföretag (god prioritet)\n  else if (industry.includes('bygg') || industry.includes('entre') ||\n           industry.includes('konstruktion') || industry.includes('byggmaterial')) {\n    industryScore = 20;\n    reasons.push('✅ Byggbranschen (byggmaterial)');\n  }\n  // Grossist/Distribution (god prioritet)\n  else if (industry.includes('grossist') || industry.includes('distribution') ||\n           industry.includes('partihandel')) {\n    industryScore = 15;\n    reasons.push('Grossist/Distribution');\n  }\n  \n  score += industryScore;\n  \n  // 4. GEOGRAFI - SVHL BONUS (max 10 poäng)\n  const svhlAreas = [\n    'stockholm', 'sthlm', 'solna', 'sundbyberg', 'upplands',\n    'göteborg', 'väst', 'mölndal', 'partille',\n    'halland', 'halmstad', 'varberg', 'falkenberg',\n    'lund', 'malmö', 'skåne', 'helsingborg', 'landskrona'\n  ];\n  \n  const isLocal = svhlAreas.some(area => location.includes(area));\n  \n  if (isLocal) {\n    score += 10;\n    reasons.push('📍 SVHL-område (Lokal närvaro!)');\n  } else {\n    // Rikstäckning också OK, men lägre bonus\n    score += 3;\n    reasons.push('📍 Riks (Early Bird)');\n  }\n  \n  // 5. HEMSIDA - TRANSPORTBEHOV SIGNALER (max 10 poäng)\n  let websiteScore = 0;\n  \n  if (website_content) {\n    const transportKeywords = [\n      'leverans', 'frakt', 'transport', 'logistik',\n      'distribution', 'skickar', 'delivery', 'shipping'\n    ];\n    \n    const foundKeywords = transportKeywords.filter(kw => \n      website_content.includes(kw)\n    );\n    \n    if (foundKeywords.length >= 3) {\n      websiteScore = 10;\n      reasons.push('🌐 Hemsida nämner transport/leverans flera gånger!');\n    } else if (foundKeywords.length >= 1) {\n      websiteScore = 5;\n      reasons.push('🌐 Hemsida nämner transport/leverans');\n    }\n  } else if (lead.website && lead.website.trim()) {\n    websiteScore = 2;\n    reasons.push('Aktiv hemsida');\n  }\n  \n  score += websiteScore;\n  \n  // 6. KONTAKTUPPGIFTER (max 5 poäng)\n  if (lead.email && lead.email.includes('@')) {\n    score += 3;\n    reasons.push('Email hittad');\n  }\n  \n  if (lead.email_valid === 'true' || lead.email_valid === true) {\n    score += 2;\n    reasons.push('Email validerad');\n  }\n  \n  // BONUS: Extra signaler\n  // Webshop-plattformar\n  if (website_content && (website_content.includes('shopify') || \n      website_content.includes('woocommerce') || \n      website_content.includes('klarna'))) {\n    score += 5;\n    reasons.push('💰 Webshop-plattform identifierad');\n  }\n  \n  // Nyligen registrerat företag (växer)\n  const foundedYear = parseInt(lead.founded || lead.registration_year || 0);\n  const currentYear = new Date().getFullYear();\n  if (foundedYear >= currentYear - 3) {\n    score += 5;\n    reasons.push('🚀 Nystartat företag (växer snabbt!)');\n  }\n  \n  // KATEGORISERA LEAD\n  let category = 'Cold';\n  let priority = 'Low';\n  let action = 'Lägg i email-kampanj';\n  let dealValue = 'Låg';\n  \n  if (score >= 70) {\n    category = 'Hot';\n    priority = 'High';\n    action = '🔥 RING IDAG! Högsta potential';\n    dealValue = 'Hög (potentiellt stort kontrakt)';\n  } else if (score >= 50) {\n    category = 'Warm';\n    priority = 'Medium';\n    action = '📞 Ring inom 2 dagar eller mejla personligt';\n    dealValue = 'Medium (god potential)';\n  } else if (score >= 30) {\n    category = 'Cold';\n    priority = 'Low';\n    action = '✉️ Email-kampanj, följ upp om intresse';\n    dealValue = 'Låg (men kan utvecklas)';\n  } else {\n    category = 'Very Cold';\n    priority = 'Very Low';\n    action = '❄️ Spara till framtida kampanj';\n    dealValue = 'Mycket låg';\n  }\n  \n  // SKAPA OUTPUT\n  leads.push({\n    json: {\n      ...lead,\n      score: score,\n      category: category,\n      priority: priority,\n      action: action,\n      deal_value: dealValue,\n      scoring_reasons: reasons.join(' | '),\n      scored_at: new Date().toISOString(),\n      scored: 'yes',\n      \n      // Lägg till för CRM\n      recommended_approach: score >= 70 ? 'Personlig kontakt telefon' : \n                          score >= 50 ? 'Personlig email + uppföljning' : \n                          'Automatiserad email-kampanj'\n    }\n  });\n}\n\nreturn leads;"
      },
      "name": "Beräkna Lead Score (Transport-optimerad)",
      "type": "n8n-nodes-base.code",
      "typeVersion": 2,
      "position": [850, 300],
      "id": "code-1"
    },
    {
      "parameters": {
        "authentication": "oAuth2",
        "operation": "update",
        "sheetId": "YOUR_SHEET_ID",
        "range": "Leads!A:R",
        "options": {
          "valueInputMode": "USER_ENTERED"
        }
      },
      "name": "Uppdatera Google Sheets med score",
      "type": "n8n-nodes-base.googleSheets",
      "typeVersion": 3,
      "position": [1050, 300],
      "credentials": {
        "googleSheetsOAuth2Api": {
          "id": "1",
          "name": "Google Sheets"
        }
      },
      "id": "google-sheets-2"
    },
    {
      "parameters": {
        "conditions": {
          "options": {
            "combineOperation": "any"
          },
          "conditions": [
            {
              "leftValue": "={{ $json.category }}",
              "rightValue": "Hot",
              "operator": {
                "type": "string",
                "operation": "equals"
              }
            },
            {
              "leftValue": "={{ $json.category }}",
              "rightValue": "Warm",
              "operator": {
                "type": "string",
                "operation": "equals"
              }
            }
          ]
        }
      },
      "name": "Filter Hot & Warm leads",
      "type": "n8n-nodes-base.filter",
      "typeVersion": 1,
      "position": [1250, 300],
      "id": "filter-2"
    },
    {
      "parameters": {
        "jsCode": "// Formatera meddelande för Telegram\nconst items = $input.all();\n\nif (items.length === 0) {\n  return [];\n}\n\nconst hotLeads = items.filter(i => i.json.category === 'Hot');\nconst warmLeads = items.filter(i => i.json.category === 'Warm');\n\nlet message = `🚚 *Transport - Lead Rapport*\\n`;\nmessage += `Tidpunkt: ${new Date().toLocaleString('sv-SE')}\\n\\n`;\n\nmessage += `🔥 *Hot leads: ${hotLeads.length}* (RING IDAG!)\\n`;\nmessage += `🌡️ *Warm leads: ${warmLeads.length}*\\n\\n`;\n\nif (hotLeads.length > 0) {\n  message += `*🔥 TOP HOT LEADS - Ring inom 2 timmar!*\\n`;\n  hotLeads.slice(0, 5).forEach((item, index) => {\n    const lead = item.json;\n    message += `\\n${index + 1}. *${lead.company_name}* (${lead.score}/100p)\\n`;\n    message += `   📊 ${lead.industry}\\n`;\n    message += `   👥 ${lead.employees} anställda\\n`;\n    message += `   📍 ${lead.location || lead.city}\\n`;\n    message += `   📧 ${lead.email}\\n`;\n    message += `   ☎️ ${lead.phone || 'N/A'}\\n`;\n    message += `   💡 ${lead.action}\\n`;\n    if (lead.scoring_reasons) {\n      const topReasons = lead.scoring_reasons.split(' | ').slice(0, 2).join(', ');\n      message += `   ✨ ${topReasons}\\n`;\n    }\n  });\n}\n\nif (warmLeads.length > 0 && hotLeads.length < 5) {\n  message += `\\n*🌡️ TOP WARM LEADS:*\\n`;\n  warmLeads.slice(0, 3).forEach((item, index) => {\n    const lead = item.json;\n    message += `\\n${index + 1}. ${lead.company_name} (${lead.score}p)\\n`;\n    message += `   ${lead.industry} | ${lead.location}\\n`;\n    message += `   ${lead.email}\\n`;\n  });\n}\n\nmessage += `\\n📊 Se alla leads i Google Sheets\\n`;\nmessage += `🎯 Fokusera på HOT leads först!`;\n\nreturn [{\n  json: {\n    message: message,\n    hot_count: hotLeads.length,\n    warm_count: warmLeads.length\n  }\n}];"
      },
      "name": "Formatera Transport-notifikation",
      "type": "n8n-nodes-base.code",
      "typeVersion": 2,
      "position": [1450, 300],
      "id": "code-2"
    },
    {
      "parameters": {
        "chatId": "YOUR_TELEGRAM_CHAT_ID",
        "text": "={{ $json.message }}",
        "additionalFields": {
          "parse_mode": "Markdown"
        }
      },
      "name": "Skicka till Telegram",
      "type": "n8n-nodes-base.telegram",
      "typeVersion": 1,
      "position": [1650, 300],
      "credentials": {
        "telegramApi": {
          "id": "1",
          "name": "Telegram Bot"
        }
      },
      "id": "telegram-1"
    }
  ],
  "connections": {
    "Schedule Every Hour": {
      "main": [
        [
          {
            "node": "Hämta leads från Google Sheets",
            "type": "main",
            "index": 0
          }
        ]
      ]
    },
    "Hämta leads från Google Sheets": {
      "main": [
        [
          {
            "node": "Filter endast nya leads med email",
            "type": "main",
            "index": 0
          }
        ]
      ]
    },
    "Filter endast nya leads med email": {
      "main": [
        [
          {
            "node": "Beräkna Lead Score (Transport-optimerad)",
            "type": "main",
            "index": 0
          }
        ]
      ]
    },
    "Beräkna Lead Score (Transport-optimerad)": {
      "main": [
        [
          {
            "node": "Uppdatera Google Sheets med score",
            "type": "main",
            "index": 0
          }
        ]
      ]
    },
    "Uppdatera Google Sheets med score": {
      "main": [
        [
          {
            "node": "Filter Hot & Warm leads",
            "type": "main",
            "index": 0
          }
        ]
      ]
    },
    "Filter Hot & Warm leads": {
      "main": [
        [
          {
            "node": "Formatera Transport-notifikation",
            "type": "main",
            "index": 0
          }
        ]
      ]
    },
    "Formatera Transport-notifikation": {
      "main": [
        [
          {
            "node": "Skicka till Telegram",
            "type": "main",
            "index": 0
          }
        ]
      ]
    }
  },
  "settings": {
    "executionOrder": "v1"
  },
  "staticData": null,
  "tags": ["transport", "lead-scoring", "customized"],
  "triggerCount": 1,
  "updatedAt": "2025-10-27T00:00:00.000Z",
  "versionId": "2"
}
